time,panda_joint1,panda_joint2,panda_joint3,panda_joint4,panda_joint5,panda_joint6,panda_joint7
0.000000,0.000000000,-0.785000000,0.000000000,-2.356000000,0.000000000,1.571000000,0.785000000
0.009845,0.000000000,-0.785000000,0.000000000,-2.356000000,0.000000000,1.571000000,0.785000000
0.020012,0.000071463,-0.785038396,-0.000082288,-2.355886085,-0.000067626,1.570852670,0.784711554
0.030622,0.000271147,-0.785145683,-0.000312218,-2.355567785,-0.000256586,1.570441000,0.783905577
0.041399,0.000603254,-0.785324119,-0.000694630,-2.355038398,-0.000570858,1.569756323,0.782565101
0.050045,0.000964003,-0.785517944,-0.001110023,-2.354463353,-0.000912235,1.569012596,0.781109016
0.059983,0.001483293,-0.785796950,-0.001707970,-2.353635591,-0.001403638,1.567942021,0.779013019
0.070013,0.002122424,-0.786140345,-0.002443911,-2.352616800,-0.002008446,1.566624381,0.776433312
0.080069,0.002880990,-0.786547911,-0.003317379,-2.351407624,-0.002726277,1.565060508,0.773371526
0.092815,0.004014044,-0.787156683,-0.004622058,-2.349601507,-0.003798484,1.562724588,0.768798208
0.099995,0.004737224,-0.787545236,-0.005454779,-2.348448739,-0.004482828,1.561233670,0.765879254
0.110007,0.005847315,-0.788141670,-0.006733018,-2.346679223,-0.005533306,1.558945089,0.761398619
0.119811,0.007048006,-0.788786782,-0.008115579,-2.344765291,-0.006669518,1.556469728,0.756552301
0.130035,0.008419594,-0.789523715,-0.009694923,-2.342578944,-0.007967449,1.553642043,0.751016193
0.140248,0.009911235,-0.790325150,-0.011412507,-2.340201227,-0.009378988,1.550566852,0.744995515
0.150015,0.011451449,-0.791152683,-0.013186019,-2.337746086,-0.010836489,1.547391526,0.738778788
0.159875,0.013119237,-0.792048759,-0.015106429,-2.335087587,-0.012414715,1.543953190,0.732047134
0.170024,0.014954172,-0.793034641,-0.017219306,-2.332162651,-0.014151111,1.540170260,0.724640828
0.179979,0.016870658,-0.794064339,-0.019426085,-2.329107721,-0.015964679,1.536219204,0.716905361
0.192215,0.019384719,-0.795415104,-0.022320954,-2.325100242,-0.018343731,1.531036181,0.706757918
0.199186,0.020894811,-0.796226452,-0.024059783,-2.322693114,-0.019772730,1.527922952,0.700662767
0.209981,0.023345391,-0.797543110,-0.026881557,-2.318786825,-0.022091710,1.522870800,0.690771548
0.222178,0.026277696,-0.799118592,-0.030258023,-2.314112652,-0.024866546,1.516825517,0.678935955
0.229918,0.028228232,-0.800166584,-0.032504010,-2.311003445,-0.026712335,1.512804263,0.671063051
0.240008,0.030876122,-0.801589254,-0.035552980,-2.306782638,-0.029218030,1.507345334,0.660375435
0.250009,0.033617531,-0.803062169,-0.038709635,-2.302412760,-0.031812221,1.501693606,0.649310352
0.259523,0.036333791,-0.804521573,-0.041837331,-2.298082970,-0.034382613,1.496093726,0.638346778
0.270004,0.039448137,-0.806194862,-0.045423412,-2.293118618,-0.037329715,1.489673143,0.625776414
0.279988,0.042534092,-0.807852897,-0.048976802,-2.288199524,-0.040249950,1.483311094,0.613320648
0.290182,0.045804881,-0.809610240,-0.052743023,-2.282985799,-0.043345093,1.476567986,0.600118837
0.300606,0.049274435,-0.811474377,-0.056738116,-2.277455238,-0.046628326,1.469415104,0.586114760
0.309887,0.052470534,-0.813191591,-0.060418334,-2.272360570,-0.049652791,1.462825979,0.573214419
0.319970,0.056055847,-0.815117922,-0.064546719,-2.266645487,-0.053045566,1.455434446,0.558743108
0.330043,0.059755572,-0.817105727,-0.068806849,-2.260748025,-0.056546612,1.447807038,0.543809992
0.340481,0.063712736,-0.819231848,-0.073363411,-2.254440201,-0.060291270,1.439648891,0.527837786
0.350043,0.067448467,-0.821238997,-0.077664999,-2.248485347,-0.063826386,1.431947254,0.512759344
0.360248,0.071552904,-0.823444247,-0.082391142,-2.241942765,-0.067710409,1.423485487,0.496192702
0.371989,0.076426868,-0.826062951,-0.088003373,-2.234173537,-0.072322634,1.413437251,0.476520037
0.380005,0.079848302,-0.827901233,-0.091943057,-2.228719680,-0.075560332,1.406383573,0.462710183
0.391196,0.084752245,-0.830536045,-0.097589809,-2.220902663,-0.080200927,1.396273532,0.442916512
0.401705,0.089492727,-0.833083031,-0.103048341,-2.213346208,-0.084686838,1.386500484,0.423782614
0.410140,0.093392071,-0.835178087,-0.107538325,-2.207130550,-0.088376782,1.378461539,0.408043784
0.419954,0.098017963,-0.837663506,-0.112864908,-2.199756755,-0.092754257,1.368924733,0.389372406
0.430445,0.102994539,-0.840337342,-0.118595294,-2.191823960,-0.097463583,1.358664951,0.369285570
0.440686,0.107816201,-0.842927944,-0.124147301,-2.184138103,-0.102026315,1.348724542,0.349824010
0.451104,0.112634847,-0.845516927,-0.129695836,-2.176457053,-0.106586193,1.338790351,0.330374623
0.460014,0.116663484,-0.847681450,-0.134334697,-2.170035297,-0.110398486,1.330484853,0.314113929
0.469883,0.121011432,-0.850017534,-0.139341235,-2.163104554,-0.114512942,1.321521062,0.296564412
0.480038,0.125354094,-0.852350778,-0.144341688,-2.156182235,-0.118622397,1.312568166,0.279036227
0.492197,0.130380046,-0.855051143,-0.150128929,-2.148170733,-0.123378449,1.302206589,0.258750095
0.500236,0.133601972,-0.856782233,-0.153838886,-2.143034897,-0.126427353,1.295564220,0.245745511
0.510019,0.137419511,-0.858833336,-0.158234674,-2.136949638,-0.130039884,1.287693925,0.230336868
0.520022,0.141207797,-0.860868722,-0.162596778,-2.130911010,-0.133624734,1.279883940,0.215046300
0.529916,0.144842911,-0.862821812,-0.166782508,-2.125116541,-0.137064636,1.272389736,0.200373976
0.539975,0.148426344,-0.864747134,-0.170908730,-2.119404453,-0.140455634,1.265002077,0.185910248
0.549994,0.151881644,-0.866603612,-0.174887410,-2.113896613,-0.143725379,1.257878581,0.171963704
0.560025,0.155226329,-0.868400658,-0.178738720,-2.108565096,-0.146890450,1.250983129,0.158463629
0.571159,0.158801061,-0.870321306,-0.182854924,-2.102866877,-0.150273215,1.243613408,0.144035020
0.579981,0.161528853,-0.871786905,-0.185995898,-2.098518705,-0.152854519,1.237989754,0.133024901
0.589852,0.164470184,-0.873367236,-0.189382757,-2.093830145,-0.155637897,1.231925863,0.121152876
0.599823,0.167321385,-0.874899141,-0.192665835,-2.089285254,-0.158335984,1.226047784,0.109644639
0.609984,0.170104963,-0.876394714,-0.195871046,-2.084848156,-0.160970080,1.220309119,0.098409348
0.623228,0.173552861,-0.878247215,-0.199841203,-2.079352115,-0.164232821,1.213200882,0.084492678
0.631175,0.175526450,-0.879307593,-0.202113734,-2.076206163,-0.166100425,1.209132103,0.076526731
0.639930,0.177618721,-0.880431737,-0.204522925,-2.072871027,-0.168080338,1.204818647,0.068081747
0.649867,0.179888469,-0.881651238,-0.207136476,-2.069252987,-0.170228198,1.200139300,0.058920414
0.659898,0.182065184,-0.882820752,-0.209642902,-2.065783245,-0.172288020,1.195651752,0.050134590
0.670002,0.184139136,-0.883935054,-0.212030999,-2.062477310,-0.174250598,1.191376062,0.041763546
0.680729,0.186208120,-0.885046686,-0.214413375,-2.059179296,-0.176208474,1.187110616,0.033412557
0.690417,0.187957883,-0.885986806,-0.216428178,-2.056390127,-0.177864272,1.183503278,0.026350029
0.699961,0.189570641,-0.886853316,-0.218285222,-2.053819348,-0.179390423,1.180178394,0.019840494
0.710016,0.191151847,-0.887702873,-0.220105937,-2.051298863,-0.180886716,1.176918555,0.013458307
0.722114,0.192898661,-0.888641408,-0.222117343,-2.048514395,-0.182539723,1.173317298,0.006407684
0.729834,0.193926619,-0.889193714,-0.223301008,-2.046875803,-0.183512479,1.171198045,0.002258561
0.740000,0.195178164,-0.889866150,-0.224742127,-2.044880806,-0.184696814,1.168617841,-0.002793022
0.750026,0.196298358,-0.890468012,-0.226031998,-2.043095188,-0.185756852,1.166308434,-0.007314432
0.759997,0.197298282,-0.891005255,-0.227183383,-2.041501281,-0.186703079,1.164246975,-0.011350404
0.770110,0.198193979,-0.891486499,-0.228214753,-2.040073516,-0.187550676,1.162400392,-0.014965685
0.780560,0.198991907,-0.891915213,-0.229133544,-2.038801598,-0.188305753,1.160755373,-0.018186341
0.789902,0.199593949,-0.892238681,-0.229826778,-2.037841927,-0.188875465,1.159514194,-0.020616350
0.799877,0.200120427,-0.892521549,-0.230433003,-2.037002707,-0.189373670,1.158428799,-0.022741361
0.812136,0.200604667,-0.892781724,-0.230990592,-2.036230815,-0.189831906,1.157430483,-0.024695888
0.819962,0.200824764,-0.892899979,-0.231244027,-2.035879975,-0.190040184,1.156976728,-0.025584260
0.830993,0.201021059,-0.893005445,-0.231470055,-2.035567076,-0.190225937,1.156572043,-0.026376560
0.840065,0.201075185,-0.893034526,-0.231532379,-2.035480797,-0.190277156,1.156460456,-0.026595028
0.852165,0.201075185,-0.893034526,-0.231532379,-2.035480797,-0.190277156,1.156460456,-0.026595028
0.859966,0.201075185,-0.893034526,-0.231532379,-2.035480797,-0.190277156,1.156460456,-0.026595028
0.869875,0.201075185,-0.893034526,-0.231532379,-2.035480797,-0.190277156,1.156460456,-0.026595028
0.880249,0.201075185,-0.893034526,-0.231532379,-2.035480797,-0.190277156,1.156460456,-0.026595028
0.889985,0.201075185,-0.893034526,-0.231532379,-2.035480797,-0.190277156,1.156460456,-0.026595028
0.899991,0.201075185,-0.893034526,-0.231532379,-2.035480797,-0.190277156,1.156460456,-0.026595028
0.909904,0.201075185,-0.893034526,-0.231532379,-2.035480797,-0.190277156,1.156460456,-0.026595028
0.920025,0.201075185,-0.893034526,-0.231532379,-2.035480797,-0.190277156,1.156460456,-0.026595028
0.929946,0.201075185,-0.893034526,-0.231532379,-2.035480797,-0.190277156,1.156460456,-0.026595028
0.940144,0.201075185,-0.893034526,-0.231532379,-2.035480797,-0.190277156,1.156460456,-0.026595028
0.949988,0.201075185,-0.893034526,-0.231532379,-2.035480797,-0.190277156,1.156460456,-0.026595028
0.961191,0.201075185,-0.893034526,-0.231532379,-2.035480797,-0.190277156,1.156460456,-0.026595028
0.969947,0.201075185,-0.893034526,-0.231532379,-2.035480797,-0.190277156,1.156460456,-0.026595028
0.980006,0.201075185,-0.893034526,-0.231532379,-2.035480797,-0.190277156,1.156460456,-0.026595028
0.991019,0.201075185,-0.893034526,-0.231532379,-2.035480797,-0.190277156,1.156460456,-0.026595028
1.000099,0.201075185,-0.893034526,-0.231532379,-2.035480797,-0.190277156,1.156460456,-0.026595028
1.010028,0.201075185,-0.893034526,-0.231532379,-2.035480797,-0.190277156,1.156460456,-0.026595028
1.019789,0.201075185,-0.893034526,-0.231532379,-2.035480797,-0.190277156,1.156460456,-0.026595028
1.030379,0.201075185,-0.893034526,-0.231532379,-2.035480797,-0.190277156,1.156460456,-0.026595028
1.040319,0.201075185,-0.893034526,-0.231532379,-2.035480797,-0.190277156,1.156460456,-0.026595028
1.050041,0.201075185,-0.893034526,-0.231532379,-2.035480797,-0.190277156,1.156460456,-0.026595028
1.060016,0.201075185,-0.893034526,-0.231532379,-2.035480797,-0.190277156,1.156460456,-0.026595028
1.069917,0.201075185,-0.893034526,-0.231532379,-2.035480797,-0.190277156,1.156460456,-0.026595028
1.082077,0.201075185,-0.893034526,-0.231532379,-2.035480797,-0.190277156,1.156460456,-0.026595028
1.091672,0.201075185,-0.893034526,-0.231532379,-2.035480797,-0.190277156,1.156460456,-0.026595028
1.100853,0.201075185,-0.893034526,-0.231532379,-2.035480797,-0.190277156,1.156460456,-0.026595028
1.111915,0.201075185,-0.893034526,-0.231532379,-2.035480797,-0.190277156,1.156460456,-0.026595028
1.121024,0.201075185,-0.893034526,-0.231532379,-2.035480797,-0.190277156,1.156460456,-0.026595028
1.131847,0.201075185,-0.893034526,-0.231532379,-2.035480797,-0.190277156,1.156460456,-0.026595028
1.141011,0.201075185,-0.893034526,-0.231532379,-2.035480797,-0.190277156,1.156460456,-0.026595028
1.150069,0.201075185,-0.893034526,-0.231532379,-2.035480797,-0.190277156,1.156460456,-0.026595028
1.161047,0.201075185,-0.893034526,-0.231532379,-2.035480797,-0.190277156,1.156460456,-0.026595028
1.170051,0.201075185,-0.893034526,-0.231532379,-2.035480797,-0.190277156,1.156460456,-0.026595028
1.182160,0.201075185,-0.893034526,-0.231532379,-2.035480797,-0.190277156,1.156460456,-0.026595028
1.189892,0.201075185,-0.893034526,-0.231532379,-2.035480797,-0.190277156,1.156460456,-0.026595028
1.200000,0.201075185,-0.893034526,-0.231532379,-2.035480797,-0.190277156,1.156460456,-0.026595028
1.210002,0.201075185,-0.893034526,-0.231532379,-2.035480797,-0.190277156,1.156460456,-0.026595028
1.220035,0.201075185,-0.893034526,-0.231532379,-2.035480797,-0.190277156,1.156460456,-0.026595028
1.230439,0.201075185,-0.893034526,-0.231532379,-2.035480797,-0.190277156,1.156460456,-0.026595028
1.240304,0.201075185,-0.893034526,-0.231532379,-2.035480797,-0.190277156,1.156460456,-0.026595028
1.250236,0.201075185,-0.893034526,-0.231532379,-2.035480797,-0.190277156,1.156460456,-0.026595028
1.259987,0.201075185,-0.893034526,-0.231532379,-2.035480797,-0.190277156,1.156460456,-0.026595028
1.272021,0.201075185,-0.893034526,-0.231532379,-2.035480797,-0.190277156,1.156460456,-0.026595028
1.279171,0.201075185,-0.893034526,-0.231532379,-2.035480797,-0.190277156,1.156460456,-0.026595028
1.290868,0.201075185,-0.893034526,-0.231532379,-2.035480797,-0.190277156,1.156460456,-0.026595028
1.299972,0.201075185,-0.893034526,-0.231532379,-2.035480797,-0.190277156,1.156460456,-0.026595028
1.310232,0.201075185,-0.893034526,-0.231532379,-2.035480797,-0.190277156,1.156460456,-0.026595028
1.320001,0.201075185,-0.893034526,-0.231532379,-2.035480797,-0.190277156,1.156460456,-0.026595028
1.331765,0.201075185,-0.893034526,-0.231532379,-2.035480797,-0.190277156,1.156460456,-0.026595028
1.339238,0.201075185,-0.893034526,-0.231532379,-2.035480797,-0.190277156,1.156460456,-0.026595028
1.350009,0.201075185,-0.893034526,-0.231532379,-2.035480797,-0.190277156,1.156460456,-0.026595028
1.360553,0.201075185,-0.893034526,-0.231532379,-2.035480797,-0.190277156,1.156460456,-0.026595028
1.369809,0.201075185,-0.893034526,-0.231532379,-2.035480797,-0.190277156,1.156460456,-0.026595028
1.380039,0.201075185,-0.893034526,-0.231532379,-2.035480797,-0.190277156,1.156460456,-0.026595028
1.389877,0.201075185,-0.893034526,-0.231532379,-2.035480797,-0.190277156,1.156460456,-0.026595028
1.400033,0.201075185,-0.893034526,-0.231532379,-2.035480797,-0.190277156,1.156460456,-0.026595028
1.410003,0.201075185,-0.893034526,-0.231532379,-2.035480797,-0.190277156,1.156460456,-0.026595028
1.421613,0.201075185,-0.893034526,-0.231532379,-2.035480797,-0.190277156,1.156460456,-0.026595028
1.429186,0.201075185,-0.893034526,-0.231532379,-2.035480797,-0.190277156,1.156460456,-0.026595028
1.440852,0.201075185,-0.893034526,-0.231532379,-2.035480797,-0.190277156,1.156460456,-0.026595028
1.450174,0.201075185,-0.893034526,-0.231532379,-2.035480797,-0.190277156,1.156460456,-0.026595028
1.459993,0.201075185,-0.893034526,-0.231532379,-2.035480797,-0.190277156,1.156460456,-0.026595028
1.470015,0.201075185,-0.893034526,-0.231532379,-2.035480797,-0.190277156,1.156460456,-0.026595028
1.480001,0.201075185,-0.893034526,-0.231532379,-2.035480797,-0.190277156,1.156460456,-0.026595028
1.491580,0.201075185,-0.893034526,-0.231532379,-2.035480797,-0.190277156,1.156460456,-0.026595028
1.499988,0.201075185,-0.893034526,-0.231532379,-2.035480797,-0.190277156,1.156460456,-0.026595028
1.510031,0.201075185,-0.893034526,-0.231532379,-2.035480797,-0.190277156,1.156460456,-0.026595028
1.520769,0.201075185,-0.893034526,-0.231532379,-2.035480797,-0.190277156,1.156460456,-0.026595028
1.529984,0.201075185,-0.893034526,-0.231532379,-2.035480797,-0.190277156,1.156460456,-0.026595028
1.539960,0.201075185,-0.893034526,-0.231532379,-2.035480797,-0.190277156,1.156460456,-0.026595028
1.550017,0.201075185,-0.893034526,-0.231532379,-2.035480797,-0.190277156,1.156460456,-0.026595028
1.560128,0.201075185,-0.893034526,-0.231532379,-2.035480797,-0.190277156,1.156460456,-0.026595028
1.570010,0.201075185,-0.893034526,-0.231532379,-2.035480797,-0.190277156,1.156460456,-0.026595028
1.580759,0.201075185,-0.893034526,-0.231532379,-2.035480797,-0.190277156,1.156460456,-0.026595028
1.591721,0.201075185,-0.893034526,-0.231532379,-2.035480797,-0.190277156,1.156460456,-0.026595028
1.601746,0.201075185,-0.893034526,-0.231532379,-2.035480797,-0.190277156,1.156460456,-0.026595028
1.609856,0.201075185,-0.893034526,-0.231532379,-2.035480797,-0.190277156,1.156460456,-0.026595028
1.619998,0.201075185,-0.893034526,-0.231532379,-2.035480797,-0.190277156,1.156460456,-0.026595028
1.629877,0.201075185,-0.893034526,-0.231532379,-2.035480797,-0.190277156,1.156460456,-0.026595028
1.640011,0.201075185,-0.893034526,-0.231532379,-2.035480797,-0.190277156,1.156460456,-0.026595028
1.650729,0.201075185,-0.893034526,-0.231532379,-2.035480797,-0.190277156,1.156460456,-0.026595028
1.660031,0.201075185,-0.893034526,-0.231532379,-2.035480797,-0.190277156,1.156460456,-0.026595028
1.670258,0.201075185,-0.893034526,-0.231532379,-2.035480797,-0.190277156,1.156460456,-0.026595028
1.679985,0.201075185,-0.893034526,-0.231532379,-2.035480797,-0.190277156,1.156460456,-0.026595028
1.692083,0.201075185,-0.893034526,-0.231532379,-2.035480797,-0.190277156,1.156460456,-0.026595028
1.699927,0.201075185,-0.893034526,-0.231532379,-2.035480797,-0.190277156,1.156460456,-0.026595028
1.710624,0.201075185,-0.893034526,-0.231532379,-2.035480797,-0.190277156,1.156460456,-0.026595028
1.719818,0.201075185,-0.893034526,-0.231532379,-2.035480797,-0.190277156,1.156460456,-0.026595028
1.729982,0.201075185,-0.893034526,-0.231532379,-2.035480797,-0.190277156,1.156460456,-0.026595028
1.740127,0.201075185,-0.893034526,-0.231532379,-2.035480797,-0.190277156,1.156460456,-0.026595028
1.750014,0.201075185,-0.893034526,-0.231532379,-2.035480797,-0.190277156,1.156460456,-0.026595028
1.759951,0.201075185,-0.893034526,-0.231532379,-2.035480797,-0.190277156,1.156460456,-0.026595028
1.771993,0.201075185,-0.893034526,-0.231532379,-2.035480797,-0.190277156,1.156460456,-0.026595028
1.781733,0.201075185,-0.893034526,-0.231532379,-2.035480797,-0.190277156,1.156460456,-0.026595028
1.789904,0.201075185,-0.893034526,-0.231532379,-2.035480797,-0.190277156,1.156460456,-0.026595028
1.800855,0.201075185,-0.893034526,-0.231532379,-2.035480797,-0.190277156,1.156460456,-0.026595028
1.809983,0.201075185,-0.893034526,-0.231532379,-2.035480797,-0.190277156,1.156460456,-0.026595028
1.819987,0.201075185,-0.893034526,-0.231532379,-2.035480797,-0.190277156,1.156460456,-0.026595028
1.830685,0.201075185,-0.893034526,-0.231532379,-2.035480797,-0.190277156,1.156460456,-0.026595028
1.840419,0.201075185,-0.893034526,-0.231532379,-2.035480797,-0.190277156,1.156460456,-0.026595028
1.849839,0.201075185,-0.893034526,-0.231532379,-2.035480797,-0.190277156,1.156460456,-0.026595028
1.859794,0.201075185,-0.893034526,-0.231532379,-2.035480797,-0.190277156,1.156460456,-0.026595028
1.869992,0.201075185,-0.893034526,-0.231532379,-2.035480797,-0.190277156,1.156460456,-0.026595028
1.880167,0.201075185,-0.893034526,-0.231532379,-2.035480797,-0.190277156,1.156460456,-0.026595028
1.890740,0.201075185,-0.893034526,-0.231532379,-2.035480797,-0.190277156,1.156460456,-0.026595028
1.899821,0.201075185,-0.893034526,-0.231532379,-2.035480797,-0.190277156,1.156460456,-0.026595028
1.909786,0.201075185,-0.893034526,-0.231532379,-2.035480797,-0.190277156,1.156460456,-0.026595028
1.921519,0.201075185,-0.893034526,-0.231532379,-2.035480797,-0.190277156,1.156460456,-0.026595028
1.930016,0.201075185,-0.893034526,-0.231532379,-2.035480797,-0.190277156,1.156460456,-0.026595028
1.939914,0.201075185,-0.893034526,-0.231532379,-2.035480797,-0.190277156,1.156460456,-0.026595028
1.949996,0.201075185,-0.893034526,-0.231532379,-2.035480797,-0.190277156,1.156460456,-0.026595028
1.959967,0.201075185,-0.893034526,-0.231532379,-2.035480797,-0.190277156,1.156460456,-0.026595028
1.971433,0.201075185,-0.893034526,-0.231532379,-2.035480797,-0.190277156,1.156460456,-0.026595028
1.981663,0.201075185,-0.893034526,-0.231532379,-2.035480797,-0.190277156,1.156460456,-0.026595028
1.991114,0.201075185,-0.893034526,-0.231532379,-2.035480797,-0.190277156,1.156460456,-0.026595028
2.000289,0.201075185,-0.893034526,-0.231532379,-2.035480797,-0.190277156,1.156460456,-0.026595028
2.010019,0.201075185,-0.893034526,-0.231532379,-2.035480797,-0.190277156,1.156460456,-0.026595028
2.020534,0.201075185,-0.893034526,-0.231532379,-2.035480797,-0.190277156,1.156460456,-0.026595028
2.030055,0.201075185,-0.893034526,-0.231532379,-2.035480797,-0.190277156,1.156460456,-0.026595028
2.040274,0.201075185,-0.893034526,-0.231532379,-2.035480797,-0.190277156,1.156460456,-0.026595028
2.050056,0.201075185,-0.893034526,-0.231532379,-2.035480797,-0.190277156,1.156460456,-0.026595028
2.061266,0.201075185,-0.893034526,-0.231532379,-2.035480797,-0.190277156,1.156460456,-0.026595028
2.070008,0.201075185,-0.893034526,-0.231532379,-2.035480797,-0.190277156,1.156460456,-0.026595028
2.079863,0.201075185,-0.893034526,-0.231532379,-2.035480797,-0.190277156,1.156460456,-0.026595028
2.089978,0.201075185,-0.893034526,-0.231532379,-2.035480797,-0.190277156,1.156460456,-0.026595028
2.099989,0.201075185,-0.893034526,-0.231532379,-2.035480797,-0.190277156,1.156460456,-0.026595028
2.109984,0.201075185,-0.893034526,-0.231532379,-2.035480797,-0.190277156,1.156460456,-0.026595028
2.119842,0.201075185,-0.893034526,-0.231532379,-2.035480797,-0.190277156,1.156460456,-0.026595028
2.130042,0.201075185,-0.893034526,-0.231532379,-2.035480797,-0.190277156,1.156460456,-0.026595028
2.140022,0.201075185,-0.893034526,-0.231532379,-2.035480797,-0.190277156,1.156460456,-0.026595028
2.150002,0.201075185,-0.893034526,-0.231532379,-2.035480797,-0.190277156,1.156460456,-0.026595028
2.161047,0.201075185,-0.893034526,-0.231532379,-2.035480797,-0.190277156,1.156460456,-0.026595028
2.170091,0.201075185,-0.893034526,-0.231532379,-2.035480797,-0.190277156,1.156460456,-0.026595028
2.180029,0.201075185,-0.893034526,-0.231532379,-2.035480797,-0.190277156,1.156460456,-0.026595028
2.190752,0.201075185,-0.893034526,-0.231532379,-2.035480797,-0.190277156,1.156460456,-0.026595028
2.201106,0.201075185,-0.893034526,-0.231532379,-2.035480797,-0.190277156,1.156460456,-0.026595028
2.209992,0.201075185,-0.893034526,-0.231532379,-2.035480797,-0.190277156,1.156460456,-0.026595028
2.220000,0.201075185,-0.893034526,-0.231532379,-2.035480797,-0.190277156,1.156460456,-0.026595028
2.230975,0.201075185,-0.893034526,-0.231532379,-2.035480797,-0.190277156,1.156460456,-0.026595028
2.241810,0.201075185,-0.893034526,-0.231532379,-2.035480797,-0.190277156,1.156460456,-0.026595028
2.250193,0.201075185,-0.893034526,-0.231532379,-2.035480797,-0.190277156,1.156460456,-0.026595028
2.260376,0.201075185,-0.893034526,-0.231532379,-2.035480797,-0.190277156,1.156460456,-0.026595028
2.269818,0.201075185,-0.893034526,-0.231532379,-2.035480797,-0.190277156,1.156460456,-0.026595028
2.280555,0.201075185,-0.893034526,-0.231532379,-2.035480797,-0.190277156,1.156460456,-0.026595028
2.289969,0.201075185,-0.893034526,-0.231532379,-2.035480797,-0.190277156,1.156460456,-0.026595028
2.300050,0.201075185,-0.893034526,-0.231532379,-2.035480797,-0.190277156,1.156460456,-0.026595028
2.309996,0.201075185,-0.893034526,-0.231532379,-2.035480797,-0.190277156,1.156460456,-0.026595028
2.320005,0.201075185,-0.893034526,-0.231532379,-2.035480797,-0.190277156,1.156460456,-0.026595028
2.329981,0.201075185,-0.893034526,-0.231532379,-2.035480797,-0.190277156,1.156460456,-0.026595028
2.339985,0.201075185,-0.893034526,-0.231532379,-2.035480797,-0.190277156,1.156460456,-0.026595028
2.349981,0.201075185,-0.893034526,-0.231532379,-2.035480797,-0.190277156,1.156460456,-0.026595028
2.359923,0.201075185,-0.893034526,-0.231532379,-2.035480797,-0.190277156,1.156460456,-0.026595028
2.370559,0.201075185,-0.893034526,-0.231532379,-2.035480797,-0.190277156,1.156460456,-0.026595028
2.381254,0.201075185,-0.893034526,-0.231532379,-2.035480797,-0.190277156,1.156460456,-0.026595028
2.390007,0.201075185,-0.893034526,-0.231532379,-2.035480797,-0.190277156,1.156460456,-0.026595028
2.399860,0.201075185,-0.893034526,-0.231532379,-2.035480797,-0.190277156,1.156460456,-0.026595028
2.409863,0.201075185,-0.893034526,-0.231532379,-2.035480797,-0.190277156,1.156460456,-0.026595028
2.419822,0.201075185,-0.893034526,-0.231532379,-2.035480797,-0.190277156,1.156460456,-0.026595028
2.430051,0.201075185,-0.893034526,-0.231532379,-2.035480797,-0.190277156,1.156460456,-0.026595028
2.440223,0.201075185,-0.893034526,-0.231532379,-2.035480797,-0.190277156,1.156460456,-0.026595028
2.449807,0.201075185,-0.893034526,-0.231532379,-2.035480797,-0.190277156,1.156460456,-0.026595028
2.459996,0.201075185,-0.893034526,-0.231532379,-2.035480797,-0.190277156,1.156460456,-0.026595028
2.470080,0.201075185,-0.893034526,-0.231532379,-2.035480797,-0.190277156,1.156460456,-0.026595028
2.479992,0.201075185,-0.893034526,-0.231532379,-2.035480797,-0.190277156,1.156460456,-0.026595028
2.489830,0.201075185,-0.893034526,-0.231532379,-2.035480797,-0.190277156,1.156460456,-0.026595028
2.499879,0.201075185,-0.893034526,-0.231532379,-2.035480797,-0.190277156,1.156460456,-0.026595028
2.510001,0.201075185,-0.893034526,-0.231532379,-2.035480797,-0.190277156,1.156460456,-0.026595028
2.521807,0.201075185,-0.893034526,-0.231532379,-2.035480797,-0.190277156,1.156460456,-0.026595028
2.530034,0.201075185,-0.893034526,-0.231532379,-2.035480797,-0.190277156,1.156460456,-0.026595028
2.540006,0.201075185,-0.893034526,-0.231532379,-2.035480797,-0.190277156,1.156460456,-0.026595028
2.550063,0.201075185,-0.893034526,-0.231532379,-2.035480797,-0.190277156,1.156460456,-0.026595028
2.559984,0.201075185,-0.893034526,-0.231532379,-2.035480797,-0.190277156,1.156460456,-0.026595028
2.570089,0.201075185,-0.893034526,-0.231532379,-2.035480797,-0.190277156,1.156460456,-0.026595028
2.580493,0.201075185,-0.893034526,-0.231532379,-2.035480797,-0.190277156,1.156460456,-0.026595028
2.590237,0.201075185,-0.893034526,-0.231532379,-2.035480797,-0.190277156,1.156460456,-0.026595028
2.599986,0.201075185,-0.893034526,-0.231532379,-2.035480797,-0.190277156,1.156460456,-0.026595028
2.610736,0.201075185,-0.893034526,-0.231532379,-2.035480797,-0.190277156,1.156460456,-0.026595028
2.620011,0.201075185,-0.893034526,-0.231532379,-2.035480797,-0.190277156,1.156460456,-0.026595028
2.630083,0.201075185,-0.893034526,-0.231532379,-2.035480797,-0.190277156,1.156460456,-0.026595028
2.640272,0.201075185,-0.893034526,-0.231532379,-2.035480797,-0.190277156,1.156460456,-0.026595028
2.650755,0.201075185,-0.893034526,-0.231532379,-2.035480797,-0.190277156,1.156460456,-0.026595028
2.660553,0.201075185,-0.893034526,-0.231532379,-2.035480797,-0.190277156,1.156460456,-0.026595028
2.670026,0.201075185,-0.893034526,-0.231532379,-2.035480797,-0.190277156,1.156460456,-0.026595028
2.680011,0.201075185,-0.893034526,-0.231532379,-2.035480797,-0.190277156,1.156460456,-0.026595028
2.692234,0.201075185,-0.893034526,-0.231532379,-2.035480797,-0.190277156,1.156460456,-0.026595028
2.699987,0.201075185,-0.893034526,-0.231532379,-2.035480797,-0.190277156,1.156460456,-0.026595028
2.710600,0.201075185,-0.893034526,-0.231532379,-2.035480797,-0.190277156,1.156460456,-0.026595028
2.720911,0.201075185,-0.893034526,-0.231532379,-2.035480797,-0.190277156,1.156460456,-0.026595028
2.730023,0.201075185,-0.893034526,-0.231532379,-2.035480797,-0.190277156,1.156460456,-0.026595028
2.742205,0.201075185,-0.893034526,-0.231532379,-2.035480797,-0.190277156,1.156460456,-0.026595028
2.750027,0.201075185,-0.893034526,-0.231532379,-2.035480797,-0.190277156,1.156460456,-0.026595028
2.759941,0.201075185,-0.893034526,-0.231532379,-2.035480797,-0.190277156,1.156460456,-0.026595028
2.769805,0.201075185,-0.893034526,-0.231532379,-2.035480797,-0.190277156,1.156460456,-0.026595028
2.780051,0.201075185,-0.893034526,-0.231532379,-2.035480797,-0.190277156,1.156460456,-0.026595028
2.790005,0.201075185,-0.893034526,-0.231532379,-2.035480797,-0.190277156,1.156460456,-0.026595028
2.800984,0.201075185,-0.893034526,-0.231532379,-2.035480797,-0.190277156,1.156460456,-0.026595028
2.809944,0.201075185,-0.893034526,-0.231532379,-2.035480797,-0.190277156,1.156460456,-0.026595028
2.820063,0.201075185,-0.893034526,-0.231532379,-2.035480797,-0.190277156,1.156460456,-0.026595028
2.830979,0.201075185,-0.893034526,-0.231532379,-2.035480797,-0.190277156,1.156460456,-0.026595028
2.839980,0.201075185,-0.893034526,-0.231532379,-2.035480797,-0.190277156,1.156460456,-0.026595028
2.850174,0.201075185,-0.893034526,-0.231532379,-2.035480797,-0.190277156,1.156460456,-0.026595028
2.859918,0.201075185,-0.893034526,-0.231532379,-2.035480797,-0.190277156,1.156460456,-0.026595028
2.871567,0.201075185,-0.893034526,-0.231532379,-2.035480797,-0.190277156,1.156460456,-0.026595028
2.880262,0.201075185,-0.893034526,-0.231532379,-2.035480797,-0.190277156,1.156460456,-0.026595028
